Film,Actor,Director,Screenwriter
Лиззи Магуайр,Хилари Дафф,Джим Фолл,Сьюзэн Эстель Джэнсен
Матрица,Киану Ривз,Лана Вачовски,Лилли Вачовски
Клад,Сигурни Уивер,Эндрю Дэвис,Луис Сачар
Управление гневом,Адам Сэндлер,Питер Сигал,Дэвид Дорфман
Афера,Эдвард Бёрнс,Джеймс Фоули,Даг Джанг
Телефонная будка,Колин Фаррелл,Джоэл Шумахер,Ларри Коэн
Рекрут,Аль Пачино,Роджер Дональдсон,Роджер Таун
Разыскиваются в Малибу,Джейми Кеннеди,Джон Уайтселл,Факс Бар
Тупой и еще тупее тупого: Когда Гарри встретил Ллойда,Эрик Кристиан Олсен,Трой Миллер,Дэнни Байерс
Эквилибриум,Кристиан Бэйл,Курт Уиммер,Курт Уиммер
Дежурный папа,Эдди Мерфи,Стив Карр,Джефф Родкей
Пуленепробиваемый,Чоу Юнь-Фат,Пол Хантер,Этан Райфф
Властелин колец: Две крепости,Элайджа Вуд,Питер Джексон,Дж.Р.Р. Толкин
"Играй, как Бекхэм",Парминдер К. Награ,Гуриндер Чадха,Гуриндер Чадха
Цыпочка,Роб Шнайдер,Том Брэди,Том Брэди
Славные парни,Роберт Де Ниро,Мартин Скорсезе,Николас Пиледжи
Красота по-американски,Кевин Спейси,Сэм Мендес,Алан Болл
Головокружение,Джеймс Стюарт,Альфред Хичкок,Алек Коппель
Сансет бульвар,Уильям Холден,Билли Уайлдер,Чарльз Брэкетт
Апокалипсис сегодня,Марлон Брандо,Фрэнсис Форд Коппола,Джон Милиус
Пианист,Эдриан Броуди,Роман Полански,Рональд Харвуд
В джазе только девушки,Мэрилин Монро,Билли Уайлдер,Билли Уайлдер
Убить пересмешника,Грегори Пек,Роберт Маллиган,Харпер Ли
Таксист,Роберт Де Ниро,Мартин Скорсезе,Пол Шредер
Третий человек,Джозеф Коттен,Кэрол Рид,Грэм Грин
Тропы славы,Кирк Дуглас,Стэнли Кубрик,Стэнли Кубрик
Бойцовский клуб,Эдвард Нортон,Дэвид Финчер,Чак Паланик
Подводная лодка,Юрген Прохнов,Вольфганг Петерсен,Вольфганг Петерсен
Секреты Лос-Анджелеса,Рассел Кроу,Кёртис Хэнсон,Джеймс Эллрой
Двойная страховка,Фред Макмюррей,Билли Уайлдер,Билли Уайлдер
Китайский квартал,Джек Николсон,Роман Полански,Роберт Таун
Мальтийский сокол,Хамфри Богарт,Джон Хьюстон,Джон Хьюстон
Реквием по мечте,Джаред Лето,Даррен Аронофски,Хьюберт Селби мл.
Поющие под дождем,Джин Келли,Стэнли Донен,Бетти Комден
Мост через реку Квай,Алек Гиннесс,Дэвид Лин,Пьер Буль
Унесённые призраками,Руми Хиираги,Хаяо Миядзаки,Хаяо Миядзаки
Спасти рядового Райана,Том Хэнкс,Стивен Спилберг,Роберт Родат
Всё о Еве,Бетт Дэвис,Джозеф Лео Манкевич,Джозеф Лео Манкевич
М убийца,Петер Лорре,Фриц Ланг,Теа фон Харбоу
Бешеный бык,Роберт Де Ниро,Мартин Скорсезе,Джейк ЛаМотта
Монти Пайтон и Священный Грааль,Грэм Чепмен,Терри Гиллиам,Грэм Чепмен
Однажды на Диком Западе,Чарльз Бронсон,Серджио Леоне,Серджо Донати
Семь,Брэд Питт,Дэвид Финчер,Эндрю Кевин Уокер
"Крадущийся тигр, затаившийся дракон",Чоу Юнь-Фат,Энг Ли,Ван Хуэйлин
Волшебник страны Оз,Джуди Гарлэнд,Виктор Флеминг,Ноэль Лэнгли
2001 год: Космическая одиссея,Кир Дуллеа,Стэнли Кубрик,Стэнли Кубрик
Жизнь прекрасна,Роберто Бениньи,Роберто Бениньи,Винченцо Черами
Американская история X,Эдвард Нортон,Тони Кэй,Дэвид МакКенна
Афера,Пол Ньюман,Джордж Рой Хилл,Дэвид С. Уорд
Печать зла,Чарлтон Хестон,Орсон Уэллс,Орсон Уэллс
Маньчжурский кандидат,Фрэнк Синатра,Джон Франкенхаймер,Ричард Кондон
Чужой,Сигурни Уивер,Ридли Скотт,Дэн О’Бэннон
Мистер Смит едет в Вашингтон,Джеймс Стюарт,Фрэнк Капра,Сидни Бакмен
Расёмон,Тосиро Мифунэ,Акира Куросава,Рюносукэ Акутагава
Леон,Жан Рено,Люк Бессон,Люк Бессон
Энни Холл,Вуди Аллен,Вуди Аллен,Вуди Аллен
Заводной апельсин,Малкольм Макдауэлл,Стэнли Кубрик,Стэнли Кубрик
Большой побег,Стив МакКуин,Джон Стёрджес,Пол Брикхилл
Сокровища Сьерра Мадре,Хамфри Богарт,Джон Хьюстон,Джон Хьюстон
Бешеные псы,Харви Кейтель,Квентин Тарантино,Квентин Тарантино
Шестое чувство,Брюс Уиллис,М. Найт Шьямалан,М. Найт Шьямалан
Челюсти,Рой Шайдер,Стивен Спилберг,Питер Бенчли
Амадей,Том Халс,Милош Форман,Питер Шеффер
В порту,Марлон Брандо,Элиа Казан,Бадд Шульберг
Храброе сердце,Мэл Гибсон,Мэл Гибсон,Рэндалл Уоллес
Ран,Тацуя Накадаи,Акира Куросава,Акира Куросава
Ровно в полдень,Гэри Купер,Фред Циннеман,Карл Форман
Фарго,Фрэнсис Макдорманд,Джоэл Коэн,Итан Коэн
Бегущий по лезвию,Харрисон Форд,Ридли Скотт,Хэмптон Фанчер
Квартира,Джек Леммон,Билли Уайлдер,Билли Уайлдер
История игрушек 2,Том Хэнкс,Джон Лассетер,Джо Рэнфт
Чужие,Сигурни Уивер,Джеймс Кэмерон,Джеймс Кэмерон
Незнакомцы в поезде,Фарли Грейнджер,Альфред Хичкок,Рэймонд Чандлер
Новые времена,Чарльз Чаплин,Чарльз Чаплин,Чарльз Чаплин
Сияние,Джек Николсон,Стэнли Кубрик,Стивен Кинг
Донни Дарко,Джейк Джилленхол,Ричард Келли,Ричард Келли
Утиный суп,Братья Маркс,Лео МакКери,Берт Кальмар
Принцесса-невеста,Кэри Элвес,Роб Райнер,Уильям Голдман
"Беги, Лола, беги",Франка Потенте,Том Тыквер,Том Тыквер
Огни большого города,Вирджиния Черрилл,Чарльз Чаплин,Чарльз Чаплин
Паровоз Генерал,Бастер Китон,Клайд Брукман,Бастер Китон
Искатели,Джон Уэйн,Джон Форд,Фрэнк С. Наджент
Метрополис,Альфред Абель,Фриц Ланг,Теа фон Харбоу
Цельнометаллическая оболочка,Мэттью Модайн,Стэнли Кубрик,Стэнли Кубрик
Дурная слава,Кэри Грант,Альфред Хичкок,Бен Хект
Манхэттен,Вуди Аллен,Вуди Аллен,Вуди Аллен
Буч Кэссиди и Сандэнс Кид,Пол Ньюман,Джордж Рой Хилл,Уильям Голдман
Выпускник,Энн Бэнкрофт,Майк Николс,Колдер Уиллингэм
Глубокий сон,Хамфри Богарт,Ховард Хоукс,Уильям Фолкнер
Новый кинотеатр «Парадизо»,Филипп Нуаре,Джузеппе Торнаторе,Джузеппе Торнаторе
Седьмая печать,Гуннар Бьёрнстранд,Ингмар Бергман,Ингмар Бергман
Ребекка,Лоуренс Оливье,Альфред Хичкок,Дафна Дю Морье
Доблесть,Мэттью Бродерик,Эдвард Цвик,Кевин Жарр
Охотник на оленей,Роберт Де Ниро,Майкл Чимино,Майкл Чимино
Лучшие годы нашей жизни,Фредрик Марч,Уильям Уайлер,Роберт Э. Шервуд
Шрэк,Майк Майерс,Эндрю Адамсон,Уильям Стейг
Великий диктатор,Чарльз Чаплин,Чарльз Чаплин,Чарльз Чаплин
Похитители велосипедов,Ламберто Маджорани,Витторио Де Сика,Чезаре Дзаваттини
Паттон,Джордж К. Скотт,Франклин Дж. Шаффнер,Фрэнсис Форд Коппола
Африканская королева,Хамфри Богарт,Джон Хьюстон,Сесил Скотт Форестер
Зеленая миля,Том Хэнкс,Фрэнк Дарабонт,Стивен Кинг
Бен-Гур,Чарлтон Хестон,Уильям Уайлер,Лью Уоллес
Это случилось однажды ночью,Кларк Гейбл,Фрэнк Капра,Роберт Рискин
Филадельфийская история,Кэри Грант,Джордж Кьюкор,Доналд Огден Стюарт
Город бога,Алешандре Родригис,Фернанду Мейреллиш,Паолу Линс
Воспитание Крошки,Кэтрин Хепберн,Ховард Хоукс,Дадли Николс
Принцесса Мононоке,Ёдзи Мацуда,Хаяо Миядзаки,Хаяо Миядзаки
Простая история,Ричард Фарнсуорт,Дэвид Линч,Джон Роуч
Хладнокровный Люк,Пол Ньюман,Стюарт Розенберг,Донн Пирс
Терминатор 2: Судный день,Арнольд Шварценеггер,Джеймс Кэмерон,Джеймс Кэмерон
Телохранитель,Тосиро Мифунэ,Акира Куросава,Акира Куросава
Гроздья гнева,Генри Фонда,Джон Форд,Наннэлли Джонсон
Звёздные войны: Эпизод 6 — Возвращение Джедая,Марк Хэмилл,Ричард Маркуанд,Лоуренс Кэздан
Форрест Гамп,Том Хэнкс,Роберт Земекис,Уинстон Грум
Мышьяк и старые кружева,Кэри Грант,Фрэнк Капра,Джулиус Дж. Эпштейн
Дикая банда,Уильям Холден,Сэм Пекинпа,Уэйлон Грин
Непрощенный,Клинт Иствуд,Клинт Иствуд,Дэвид Уэбб Пиплз
Рождественская история,Питер Биллингсли,Боб Кларк,Дж. Шеперд
Ночь охотника,Роберт Митчем,Чарльз Лотон,Дэвис Грабб
Почти знаменит,Патрик Фьюджит,Кэмерон Кроу,Кэмерон Кроу
Молодой Франкенштейн,Джин Уайлдер,Мэл Брукс,Джин Уайлдер
Унесённые ветром,Вивьен Ли,Виктор Флеминг,Маргарет Митчелл
Лагерь для военнопленных №17,Уильям Холден,Билли Уайлдер,Билли Уайлдер
Корпорация монстров,Джон Гудман,Пит Доктер,Пит Доктер
Бильярдист,Пол Ньюман,Роберт Россен,Сидни Кэрролл
На Западном фронте без перемен,Луис Волхайм,Льюис Майлстоун,Эрих Мария Ремарк
Разговор,Джин Хэкмен,Фрэнсис Форд Коппола,Фрэнсис Форд Коппола
Быть Джоном Малковичем,Джон Кьюсак,Спайк Джонс,Чарли Кауфман
Поговори с ней,Дарио Грандинетти,Педро Альмодовар,Педро Альмодовар
Человек-слон,Энтони Хопкинс,Дэвид Линч,Кристофер Де Вор
Торжество,Ульрих Томсен,Томас Винтерберг,Томас Винтерберг
Малхолланд Драйв,Наоми Уоттс,Дэвид Линч,Дэвид Линч
Свой человек,Аль Пачино,Майкл Манн,Мари Бреннер
Взвод,Чарли Шин,Оливер Стоун,Оливер Стоун
Однажды в Америке,Роберт Де Ниро,Серджио Леоне,Гарри Грей
Его девушка Пятница,Кэри Грант,Ховард Хоукс,Чарльз Ледерер
Крепкий орешек,Брюс Уиллис,Джон Мактирнан,Родерик Торп
Индиана Джонс и последний крестовый поход,Харрисон Форд,Стивен Спилберг,Джеффри Боум
Великая иллюзия,Жан Габен,Жан Ренуар,Шарль Спак
Гладиатор,Рассел Кроу,Ридли Скотт,Дэвид Францони
Спартак,Кирк Дуглас,Стэнли Кубрик,Далтон Трамбо
Назад в будущее,Майкл Дж. Фокс,Роберт Земекис,Роберт Земекис
Магнолия,Том Круз,Пол Томас Андерсон,Пол Томас Андерсон
Золотая лихорадка,Чарльз Чаплин,Чарльз Чаплин,Чарльз Чаплин
Отточенное лезвие,Билли Боб Торнтон,Билли Боб Торнтон,Билли Боб Торнтон
Шарада,Кэри Грант,Стэнли Донен,Питер Стоун
Броненосец «Потемкин»,Александр Антонов,Сергей Эйзенштейн,Нина Агаджанова
История игрушек,Том Хэнкс,Джон Лассетер,Джон Лассетер
Бразилия,Джонатан Прайс,Терри Гиллиам,Терри Гиллиам
Приключения Робин Гуда,Эррол Флинн,Майкл Кёртиц,Норман Райли Рейн
Житие Брайана по Монти Пайтон,Грэм Чепмен,Терри Джонс,Грэм Чепмен
Трамвай «Желание»,Вивьен Ли,Элиа Казан,Теннесси Уильямс
Вечер в опере,Граучо Маркс,Сэм Вуд,Джордж С. Кауфман
Сука-любовь,Эмилио Эчеваррия,Алехандро Гонсалес Иньярриту,Гильермо Арриага
Свидетель обвинения,Тайрон Пауэр,Билли Уайлдер,Агата Кристи
Кто боится Вирджинии Вульф?,Элизабет Тейлор,Майк Николс,Эрнест Леман
Изгоняющий дьявола,Эллен Бёрстин,Уильям Фридкин,Уильям Питер Блэтти
"Человек, который застрелил Либерти Вэланса",Джон Уэйн,Джон Форд,Джеймс Уорнер Белла
Вся президентская рать,Дастин Хоффман,Алан Дж. Пакула,Карл Бернстин
Другие,Николь Кидман,Алехандро Аменабар,Алехандро Аменабар
"День, когда остановилась Земля",Майкл Ренни,Роберт Уайз,Эдмунд Х. Норт
Особое мнение,Том Круз,Стивен Спилберг,Скотт Фрэнк
Римские каникулы,Грегори Пек,Уильям Уайлер,Далтон Трамбо
Останься со мной,Уил Уитон,Роб Райнер,Стивен Кинг
Траффик,Майкл Дуглас,Стивен Содерберг,Саймон Мур
Собачий полдень,Аль Пачино,Сидни Люмет,Фрэнк Пирсон
Три цвета: Красный,Ирен Жакоб,Кшиштоф Кесьлёвский,Кшиштоф Кесьлёвский
12 обезьян,Брюс Уиллис,Терри Гиллиам,Крис Маркер
Парни что надо,Сэм Шепард,Филип Кауфман,Филип Кауфман
Тень сомнения,Тереза Райт,Альфред Хичкок,Торнтон Уайлдер
Убийство,Стерлинг Хейден,Стэнли Кубрик,Стэнли Кубрик
Полуночный ковбой,Дастин Хоффман,Джон Шлезингер,Уолдо Солт
Терминатор,Арнольд Шварценеггер,Джеймс Кэмерон,Джеймс Кэмерон
Земляничная поляна,Виктор Шёстрём,Ингмар Бергман,Ингмар Бергман
Харви,Джеймс Стюарт,Генри Костер,Мэри Чейз
Четыреста ударов,Жан-Пьер Лео,Франсуа Трюффо,Франсуа Трюффо
Эд Вуд,Джонни Депп,Тим Бёртон,Рудольф Грэй
Быть или не быть,Кэрол Ломбард,Эрнст Любич,Меньхерт Лендьель
Ганди,Бен Кингсли,Ричард Аттенборо,Джон Брайли
Лев зимой,Питер О’Тул,Энтони Харви,Джеймс Голдмен
На игле,Юэн Макгрегор,Дэнни Бойл,Ирвин Уэлш
Бонни и Клайд,Уоррен Битти,Артур Пенн,Дэвид Ньюман
Всё о моей матери,Сесилия Рот,Педро Альмодовар,Педро Альмодовар
Это — Spinal Tap,Майкл Маккин,Роб Райнер,Кристофер Гест
Человек дождя,Дастин Хоффман,Барри Левинсон,Бэрри Морроу
Телесеть,Питер Финч,Сидни Люмет,Пэдди Чайефски
"Носферату, симфония ужаса",Макс Шрек,Фридрих Вильгельм Мурнау,Хенрик Галеен
"Карты, деньги, два ствола",Джейсон Флеминг,Гай Ричи,Гай Ричи
Перекресток Миллера,Гэбриел Бирн,Джоэл Коэн,Джоэл Коэн
Дилижанс,Клер Тревор,Джон Форд,Эрнест Хейкокс
Генрих V: Битва при Азенкуре,Кеннет Брана,Кеннет Брана,Уильям Шекспир
Большой куш,Джейсон Стэйтем,Гай Ричи,Гай Ричи
День сурка,Билл Мюррей,Харольд Рэмис,Дэнни Рубин
Лора,Джин Тирни,Отто Преминджер,Вера Каспари
39 ступеней,Роберт Донат,Альфред Хичкок,Джон Бакен
Игры разума,Рассел Кроу,Рон Ховард,Акива Голдсман
Дорога,Энтони Куинн,Федерико Феллини,Федерико Феллини
Наёмный убийца,Чоу Юнь-Фат,Джон Ву,Джон Ву
Неприкасаемые,Кевин Костнер,Брайан Де Пальма,Дэвид Мэмет
Кинг Конг,Фэй Рэй,Мериан К. Купер,Джеймс Эшмор Крилмен
8 с половиной,Марчелло Мастроянни,Федерико Феллини,Федерико Феллини
Фантазия,Леопольд Стоковски,Норман Фергюсон,Джо Грант
Военно-полевой госпиталь,Дональд Сазерленд,Роберт Олтмен,Ричард Хукер
Стальной гигант,Эли Мариентал,Брэд Бёрд,Тим МакКэнлис
Умница Уилл Хантинг,Мэтт Дэймон,Гас Ван Сент,Мэтт Дэймон
Красавица и чудовище,Робби Бенсон,Гари Труздейл,Линда Вулвертон
Будучи там,Питер Селлерс,Хэл Эшби,Ежи Косинский
Планета обезьян,Чарлтон Хестон,Франклин Дж. Шаффнер,Майкл Уилсон
Клерки,Брайан О’Хэллоран,Кевин Смит,Кевин Смит
Инопланетянин,Генри Томас,Стивен Спилберг,Мелисса Мэтисон
Рио Браво,Джон Уэйн,Ховард Хоукс,Джулс Фёртмен
"О, где же ты, брат?",Джордж Клуни,Джоэл Коэн,Гомер
Полуночная жара,Сидни Пуатье,Норман Джуисон,Стирлинг Силлифант
Проклятый путь,Том Хэнкс,Сэм Мендес,Макс Аллан Коллинз
Тихий человек,Джон Уэйн,Джон Форд,Фрэнк С. Наджент
Избавление,Джон Войт,Джон Бурмен,Джеймс Дики
Белоснежка и семь гномов,Адриана Каселотти,Уильям Коттрелл,Якоб Гримм
Близкие контакты третьей степени,Ричард Дрейфусс,Стивен Спилберг,Стивен Спилберг
Тонкий человек,Уильям Пауэлл,В.С. Ван Дайк,Альберт Хэкетт
"Человек, которого не было",Билли Боб Торнтон,Джоэл Коэн,Джоэл Коэн
Большой Лебовски,Джефф Бриджес,Джоэл Коэн,Итан Коэн
Красная река,Джон Уэйн,Ховард Хоукс,Борден Чейз
Призрачный мир,Тора Бёрч,Терри Цвигофф,Дэниэл Клоуз
Мулен Руж,Николь Кидман,Баз Лурман,Баз Лурман
Птицы,Род Тейлор,Альфред Хичкок,Дафна Дю Морье
Жан де Флоретт,Ив Монтан,Клод Берри,Марсель Паньоль
Славное будущее,Иэн Холм,Атом Эгоян,Рассел Бэнкс
"Человек, который хотел быть королем",Шон Коннери,Джон Хьюстон,Джон Хьюстон
Отныне и во веки веков,Берт Ланкастер,Фред Циннеман,Дэниэл Тарадаш
Человек на все времена,Пол Скофилд,Фред Циннеман,Роберт Болт
Игра на вылет,Лоуренс Оливье,Джозеф Лео Манкевич,Энтони Шэффер
Можешь рассчитывать на меня,Лора Линни,Кеннет Лонерган,Кеннет Лонерган
Французский связной,Джин Хэкмен,Уильям Фридкин,Эрнест Тайдимен
Страсти Жанны д'Арк,Мария Фальконетти,Карл Теодор Дрейер,Джозеф Дельтель
Поля смерти,Сэм Уотерстон,Роланд Жоффе,Брюс Робинсон
Игрок,Тим Роббинс,Роберт Олтмен,Майкл Толкин
Схватка,Аль Пачино,Майкл Манн,Майкл Манн
И твою маму тоже,Марибель Верду,Альфонсо Куарон,Карлос Куарон
100 девчонок и одна в лифте,Джонатан Такер,Майкл Дэвис,Майкл Дэвис
15 минут славы,Роберт Де Ниро,Джон Херцфелд,Джон Херцфелд
Круглосуточные тусовщики,Стив Куган,Майкл Уинтерботтом,Фрэнк Коттрел Бойс
28 дней,Сандра Буллок,Бетти Томас,Сюзанна Грант
28 дней спустя,Киллиан Мерфи,Дэнни Бойл,Алекс Гарленд
Формула 51,Сэмюэл Л. Джексон,Ронни Юй,Стел Павлов
Шестой день,Арнольд Шварценеггер,Роджер Споттисвуд,Кормак Уибберли
8 женщин,Виржини Ледуайен,Франсуа Озон,Франсуа Озон
8 миля,Эминем,Кёртис Хэнсон,Скотт Сильвер
Мой мальчик,Хью Грант,Крис Вайц,Ник Хорнби
О Шмидте,Джек Николсон,Александр Пэйн,Луис Бегли
Адаптация,Николас Кейдж,Спайк Джонс,Сьюзэн Орлеан
Али,Уилл Смит,Майкл Манн,Грегори Аллен Ховард
И пришел паук,Морган Фриман,Ли Тамахори,Джеймс Паттерсон
Американский пирог 2,Джейсон Биггз,Джеймс Б. Роджерс,Адам Херц
Американский психопат,Кристиан Бэйл,Мэри Хэррон,Брет Истон Эллис
Анатомия,Франка Потенте,Штефан Рузовицки,Питер Энгельманн
Зверофабрика,Уиллем Дефо,Стив Бушеми,Эдвард Банкер
Юбилей,Алан Камминг,Алан Камминг,Дженнифер Джейсон Ли
Опасная правда,Райан Филипп,Питер Хауит,Ховард Франклин
Арарат,Шарль Азнавур,Атом Эгоян,Атом Эгоян
Искусственный разум,Хэйли Джоэл Осмент,Стивен Спилберг,Брайан Олдисс
Астерикс и Обеликс: Миссия Клеопатра,Жерар Депардье,Ален Шаба,Рене Госинни
Быстрый бегун,Натар Унгалаак,Захариас Кунук,Пол Апак Ангилирк
Атлантида: Затерянный мир,Кори Бертон,Гари Труздейл,Тэб Мёрфи
Остин Пауэрс: Голдмембер,Майк Майерс,Джей Роуч,Майк Майерс
Автофокус,Грег Кинниэр,Пол Шредер,Роберт Грейсмит
Авалон,Малгожата Форемняк,Мамору Осии,Кадзунори Ито
Замороченные,Дэймон Уайанс,Спайк Ли,Спайк Ли
Бандиты,Брюс Уиллис,Барри Левинсон,Харли Пейтон
Парикмахерская,Айс Кьюб,Тим Стори,Марк Браун
Королевская битва,Тацуя Фудзивара,Киндзи Фукасаку,Косюн Таками
Пока не наступит ночь,Хавьер Бардем,Джулиан Шнабель,Каннингэм О’Киф
В тылу врага,Оуэн Уилсон,Джон Мур,Джим Томас
Фанатик,Райан Гослинг,Генри Бин,Генри Бин
Победители шоу,Кристофер Гест,Кристофер Гест,Кристофер Гест
Большие неприятности,Тим Аллен,Барри Зонненфельд,Дэйв Барри
Билли Эллиот,Джейми Белл,Стивен Долдри,Ли Холл
Именинница,Николь Кидман,Джез Баттеруорт,Том Баттеруорт
Чёрный ястреб,Джош Хартнетт,Ридли Скотт,Марк Боуден
Блэйд 2,Уэсли Снайпс,Гильермо дель Торо,Марв Вольфман
Мерцающие огни,Сёрен Пильмарк,Андерс Томас Йенсен,Андерс Томас Йенсен
Кровавая работа,Клинт Иствуд,Клинт Иствуд,Майкл Коннелли
Кокаин,Джонни Депп,Тед Демме,Брюс Портер
Бойлерная,Джованни Рибизи,Бен Янгер,Бен Янгер
Чужой билет,Бен Аффлек,Дон Рус,Дон Рус
Идентификация Борна,Мэтт Дэймон,Даг Лайман,Тони Гилрой
Боулинг для Колумбины,Майкл Мур,Майкл Мур,Майкл Мур
Дневник Бриджит Джонс,Рене Зеллвегер,Шэрон Магуайр,Хелен Филдинг
Добейся успеха,Кирстен Данст,Пейтон Рид,Джессика Бендинджер
Клуб разбитых сердец: Романтическая комедия,Бен Вебер,Грег Берланти,Грег Берланти
Брат якудзы,Такеши Китано,Такеши Китано,Такеши Китано
Садист,Брэд Ренфро,Ларри Кларк,Джим Шатц
Выбор капитана Корелли,Николас Кейдж,Джон Мэдден,Шон Слово
Изгой,Том Хэнкс,Роберт Земекис,Уильям Бройлес мл.
Смерть в Голливуде,Кирстен Данст,Питер Богданович,Стивен Перос
Безумный Сесил Б.,Мелани Гриффит,Джон Уотерс,Джон Уотерс
Клетка,Дженнифер Лопес,Тарсем Сингх,Марк Протосевич
Авансцена,Аманда Шулл,Николас Хайтнер,Кэрол Хейккинен
В чужом ряду,Сэмюэл Л. Джексон,Роджер Мичелл,Чэп Тейлор
Ангелы Чарли,Кэмерон Диас,МакДжи,Райан Роу
Чикаго,Рене Зеллвегер,Роб Маршалл,Билл Кондон
Побег из курятника,Фил Дэниелс,Питер Лорд,Питер Лорд
Шоколад,Жюльет Бинош,Лассе Халльстрём,Джоанн Харрис
Взгляд изнутри,Винс Колосимо,Эндрю Доминик,Марк Брэндон Рид
Чак и Бак,Майк Уайт,Мигель Артета,Майк Уайт
Последнее дело Ламарки,Роберт Де Ниро,Майкл Кейтон-Джонс,Майк МакЭлари
Золотая пыль,Питер Муллан,Майкл Уинтерботтом,Фрэнк Коттрел Бойс
Признания опасного человека,Сэм Рокуэлл,Джордж Клуни,Чак Бэррис
Претендент,Гари Олдман,Род Лури,Род Лури
Граф Монте-Кристо,Джеймс Кэвизел,Кевин Рейнольдс,Александр Дюма отец
Безумные и прекрасные,Кирстен Данст,Джон Стокуэлл,Фил Хэй
Проклятие нефритового скорпиона,Вуди Аллен,Вуди Аллен,Вуди Аллен
Танцующая в темноте,Бьорк,Ларс фон Триер,Ларс фон Триер
Опасные игры,Эмиль Хирш,Питер Кэа,Крис Фюрман
Сорвиголова,Бен Аффлек,Марк Стивен Джонсон,Марк Стивен Джонсон
Яма,Тора Бёрч,Ник Хэмм,Гай Берт
Голливудский финал,Вуди Аллен,Вуди Аллен,Вуди Аллен
Часы,Николь Кидман,Стивен Долдри,Майкл Каннингем
Обитель радости,Джиллиан Андерсон,Теренс Дэвис,Эдит Уортон
Как отделаться от парня за 10 дней,Кейт Хадсон,Дональд Питри,Мишель Александр
Звериная натура,Патриша Аркетт,Мишель Гондри,Чарли Кауфман
Я — Сэм,Шон Пенн,Джесси Нельсон,Кристин Джонсон
Ледниковый период,Рэй Романо,Крис Уэдж,Майкл Дж. Уилсон
Идентификация,Джон Кьюсак,Джеймс Мэнголд,Майкл Куни
Игби идет ко дну,Киран Калкин,Бёрр Стирс,Бёрр Стирс
Как важно быть серьезным,Руперт Эверетт,Оливер Паркер,Оскар Уайльд
В спальне,Том Уилкинсон,Тодд Филд,Андре Дюбюс
Бессонница,Аль Пачино,Кристофер Нолан,Хиллари Сайц
Интим,Марк Райлэнс,Патрис Шеро,Ханиф Курейши
Айрис,Кейт Уинслет,Ричард Эйр,Джон Бэйли
Необратимость,Моника Беллуччи,Гаспар Ноэ,Гаспар Ноэ
Итальянский для начинающих,Андерс В. Бертельсен,Лоне Шерфиг,Мейв Бинчи
Чудаки,Джонни Ноксвил,Джефф Треймейн,Джефф Треймейн
Давай! Давай!,Фарес Фарес,Юсеф Фарес,Юсеф Фарес
Джей и Молчаливый Боб наносят ответный удар,Джейсон Мьюз,Кевин Смит,Кевин Смит
Джон Кью,Дензел Вашингтон,Ник Кассаветис,Джеймс Кернс
Ничего себе поездочка,Стив Зан,Джон Дал,Клэй Тэрвер
К-19,Харрисон Форд,Кэтрин Бигелоу,Луис Наура
Планета Ка-Пэкс,Кевин Спейси,Иэн Софтли,Джин Брюэр
Кейт и Лео,Мег Райан,Джеймс Мэнголд,Стивен Роджерс
Сохраняя веру,Бен Стиллер,Эдвард Нортон,Стюарт Блумберг
Малыш,Брюс Уиллис,Джон Тёртлтауб,Одри Уэллс
Поцелуй дракона,Джет Ли,Крис Наон,Джет Ли
Целуя Джессику Стейн,Дженнифер Уэстфелд,Чарльз Херман-Вёрмфелд,Хизер Юргенсен
История рыцаря,Хит Леджер,Брайан Хелгеленд,Брайан Хелгеленд
Принцесса и воин,Франка Потенте,Том Тыквер,Том Тыквер
Ложь,Пол Дано,Майкл Куэста,Стефен М. Райдер
Лантана,Энтони ЛаПалья,Рэй Лоуренс,Эндрю Бовелл
Последний замок,Роберт Редфорд,Род Лури,Дэвид Скарпа
Блондинка в законе,Риз Уизерспун,Роберт Лукетич,Аманда Браун
Легенда Багера Ванса,Уилл Смит,Роберт Редфорд,Стивен Прессфилд
Жизнь как дом,Кевин Клайн,Ирвин Уинклер,Марк Эндрус
Жизнь Дэвида Гейла,Кевин Спейси,Алан Паркер,Чарльз Рэндольф
Лиля навсегда,Оксана Акиньшина,Лукас Мудиссон,Лукас Мудиссон
Лило и Стич,Дэйви Чейз,Дин ДеБлуа,Крис Сандерс
Вас не догонят,Пайпер Перабо,Леа Пул,Сьюзен Суон
Любовь и баскетбол,Омар Эппс,Джина Принс-Байтвуд,Джина Принс-Байтвуд
Обаятельная и привлекательная,Трой Раптэш,Николь Холофсенер,Николь Холофсенер
Люсия и секс,Пас Вега,Хулио Медем,Хулио Медем
Всё схвачено!,Джон Фавро,Джон Фавро,Джон Фавро
Мажестик,Джим Керри,Фрэнк Дарабонт,Майкл Слоун
Малена,Моника Беллуччи,Джузеппе Торнаторе,Джузеппе Торнаторе
"Человек, который плакал",Кристина Риччи,Салли Поттер,Салли Поттер
Костолом,Винни Джонс,Барри Сколник,Трэйси Кинэн Винн
Знакомство с родителями,Бен Стиллер,Джей Роуч,Грег Глиенна
Военный ныряльщик,Роберт Де Ниро,Джордж Тиллман мл.,Скотт Маршалл Смит
Метрополис,Юка Имото,Ринтаро,Осаму Тэдзука
Мексиканец,Брэд Питт,Гор Вербински,Дж. Х. Уаймен
Человек без прошлого,Маркку Пелтола,Аки Каурисмяки,Аки Каурисмяки
Мисс Конгениальность,Сандра Буллок,Дональд Питри,Марк Лоуренс
Свадьба в сезон дождей,Насируддин Шах,Мира Наир,Сабрина Дхаван
Бал монстров,Билли Боб Торнтон,Марк Форстер,Мило Аддика
Миля лунного света,Джейк Джилленхол,Брэд Силберлинг,Брэд Силберлинг
Человек-мотылек,Ричард Гир,Марк Пеллингтон,Ричард Хатем
Мумия возвращается,Брендан Фрейзер,Стивен Соммерс,Стивен Соммерс
Отсчет убийств,Сандра Буллок,Барбет Шрёдер,Тони Гэйтон
Моя большая греческая свадьба,Ниа Вардалос,Джоэл Цвик,Ниа Вардалос
Мой пёс Скип,Люк Уилсон,Джей Расселл,Уилли Моррис
Наркобарон,Джейсон Патрик,Джо Карнахан,Джо Карнахан
Ничья земля,Бранко Джурич,Данис Танович,Данис Танович
Новокаин,Стив Мартин,Дэвид Аткинс,Пол Фелопулос
Девять королев,Гастон Паульс,Фабиан Бьелински,Фабиан Бьелински
Сестричка Бетти,Морган Фриман,Нил Лабут,Джон С. Ричардс
О,Джош Хартнетт,Тим Блейк Нельсон,Уильям Шекспир
Одиннадцать друзей Оушена,Джордж Клуни,Стивен Содерберг,Джордж Клейтон Джонсон
Старая закалка,Люк Уилсон,Тодд Филлипс,Корт Крэндолл
Фото за час,Робин Уильямс,Марк Романек,Марк Романек
Ночь в баре Маккула,Лив Тайлер,Харольд Цварт,Стэн Сидел
Страна чудаков,Колин Хэнкс,Джейк Кэздан,Майк Уайт
Обыкновенный преступник,Кевин Спейси,Тадеус О’Салливан,Жерар Стембридж
Осмосис Джонс,Крис Рок,Бобби Фаррелли,Марк Хаймен
Братство волка,Самюэль Ле Бьян,Кристоф Ган,Стефани Кабель
Хлеб и тюльпаны,Личия Мальетта,Сильвио Сольдини,Сильвио Сольдини
Паника,Уильям Х. Мэйси,Генри Бромелл,Генри Бромелл
Комната страха,Джоди Фостер,Дэвид Финчер,Дэвид Кепп
Патриот,Мэл Гибсон,Роланд Эммерих,Роберт Родат
Заплати другому,Кевин Спейси,Мими Ледер,Кэтрин Райан Хайд
Идеальный шторм,Джордж Клуни,Вольфганг Петерсен,Себастьян Юнгер
Пианистка,Изабель Юппер,Михаэль Ханеке,Михаэль Ханеке
Чёрная дыра,Вин Дизель,Дэвид Туи,Джим Уит
Хамелеон,Даниель Отой,Франсис Вебер,Франсис Вебер
Обещание,Джек Николсон,Шон Пенн,Фридрих Дюрренматт
Поллок,Эд Харрис,Эд Харрис,Стивен Найфех
Одержимость,Гвинет Пэлтроу,Нил Лабут,Антония Сьюзен Байетт
Как стать принцессой,Энн Хэтэуэй,Гэрри Маршалл,Мэг Кэбот
Доказательство жизни,Мег Райан,Тейлор Хэкфорд,Тони Гилрой
Тыковка,Кристина Риччи,Энтони Абрамс,Адам Ларсон Бродер
"Любовь, сбивающая с ног",Адам Сэндлер,Пол Томас Андерсон,Пол Томас Андерсон
Тихий американец,Майкл Кейн,Филлип Нойс,Грэм Грин
Перо маркиза де Сада,Джеффри Раш,Филип Кауфман,Даг Райт
Клетка для кроликов,Эверлин Сампи,Филлип Нойс,Дорис Пилкингтон
Крысиные бега,Роуэн Эткинсон,Джерри Цукер,Энди Брэкман
Красный Дракон,Энтони Хопкинс,Бретт Рэтнер,Томас Харрис
Вспоминая Титанов,Дензел Вашингтон,Боаз Якин,Грегори Аллен Ховард
Дублеры,Киану Ривз,Ховард Дойч,Винс МакКевин
Обитель зла,Милла Йовович,Пол У. С. Андерсон,Пол У. С. Андерсон
Вернись ко мне,Дэвид Духовны,Бонни Хант,Бонни Хант
Сильная женщина,Дрю Бэрримор,Пенни Маршалл,Беверли Д’Онофрио
Звонок,Наоми Уоттс,Гор Вербински,Эрен Крюгер
Багровые реки,Жан Рено,Матьё Кассовиц,Жан-Кристоф Гранже
Дорога на Эльдорадо,Кевин Клайн,Бибо Бержерон,Тед Эллиот
Дорожное приключение,Брекин Мейер,Тодд Филлипс,Тодд Филлипс
Новичок,Деннис Куэйд,Джон Ли Хэнкок,Майк Рич
Семейка Тененбаум,Джин Хэкмен,Уэс Андерсон,Уэс Андерсон
Правила секса,Джеймс Ван Дер Бик,Роджер Эвери,Брет Истон Эллис
Правила боя,Томми Ли Джонс,Уильям Фридкин,Джеймс Уэбб
Час пик 2,Джеки Чан,Бретт Рэтнер,Росс ЛаМанна
Симона,Аль Пачино,Эндрю Никкол,Эндрю Никкол
Море Солтона,Вэл Килмер,Ди Джей Карузо,Тони Гэйтон
Санта Клаус 2,Тим Аллен,Майкл Лембек,Дон Раймер
За мной последний танец,Джулия Стайлз,Томас Картер,Дуан Адлер
Спасите Грейс,Бренда Блетин,Найджел Коул,Марк Кроуди
Мокасины Маниту,Михаэль Хербиг,Михаэль Хербиг,Михаэль Хербиг
Медвежатник,Роберт Де Ниро,Фрэнк Оз,Дэниэл Э. Тейлор
Секретарша,Мэгги Джилленхол,Стивен Шейнберг,Эрин  Крессида Уилсон
Интуиция,Джон Кьюсак,Питер Челсом,Марк Клейн
Серия 7: Претенденты,Брук Смит,Даниэль Минахан,Даниэль Минахан
Девятая сессия,Дэвид Карузо,Брэд Андерсон,Брэд Андерсон
Сексуальная тварь,Рэй Уинстон,Джонатан Глейзер,Луис Меллис
Тень вампира,Джон Малкович,Э. Элиас Мэридж,Стивен Кац
Детектив Шафт,Сэмюэл Л. Джексон,Джон Синглтон,Эрнест Тайдимен
Любовь зла,Гвинет Пэлтроу,Бобби Фаррелли,Шон Мойнихэн
Шанхайские рыцари,Джеки Чан,Дэвид Добкин,Альфред Гоф
Шанхайский полдень,Джеки Чан,Том Дей,Майлз Миллар
Корабельные новости,Кевин Спейси,Лассе Халльстрём,Энни Пру
Тротуары Нью-Йорка,Пенни Бальфур,Эдвард Бёрнс,Эдвард Бёрнс
Знаки,Мэл Гибсон,М. Найт Шьямалан,М. Найт Шьямалан
Убойный футбол,Стивен Чоу,Стивен Чоу,Стивен Чоу
Мелкие мошенники,Вуди Аллен,Вуди Аллен,Вуди Аллен
Солярис,Джордж Клуни,Стивен Содерберг,Станислав Лем
Космические ковбои,Клинт Иствуд,Клинт Иствуд,Кен Кауфман
Паук,Рэйф Файнс,Дэвид Кроненберг,Патрик МакГрат
Человек-паук,Тоби Магуайр,Сэм Рэйми,Стэн Ли
Спирит: Душа прерий,Мэтт Дэймон,Келли Эсбёри,Джон Фуско
Шпионские игры,Роберт Редфорд,Тони Скотт,Майкл Фрост Бекнер
Дети шпионов,Антонио Бандерас,Роберт Родригес,Роберт Родригес
Дети шпионов 2: Остров несбывшихся надежд,Антонио Бандерас,Роберт Родригес,Роберт Родригес
Комната сына,Нанни Моретти,Нанни Моретти,Нанни Моретти
Звёздные войны: Эпизод 2 — Атака клонов,Юэн Макгрегор,Джордж Лукас,Джордж Лукас
Жизнь за кадром,Филип Сеймур Хоффман,Дэвид Мэмет,Дэвид Мэмет
Сказочник,Джон Гудман,Тодд Солондз,Тодд Солондз
Цена страха,Бен Аффлек,Фил Олден Робинсон,Том Клэнси
Суперполицейские,Брайан Кокс,Джей Чандрашекхар,Джей Чандрашекхар
Пароль «Рыба-меч»,Джон Траволта,Доминик Сена,Скип Вудс
Песни со второго этажа,Ларс Норд,Рой Андерссон,Рой Андерссон
Портной из Панамы,Пирс Броснан,Джон Бурмен,Джон ле Карре
Дао Стива,Донал Лог,Дженнифр Гудмен,Дункан Норт
Пленка,Итан Хоук,Ричард Линклейтер,Стефен Белбер
Такси 2,Сами Насери,Жерар Кравчик,Люк Бессон
Слезы солнца,Брюс Уиллис,Антуан Фукуа,Алекс Ласкер
Женские тайны,Гленн Клоуз,Родриго Гарсия,Родриго Гарсия
13 разговоров об одном,Мэттью Макконахи,Джилл Шпрехер,Карен Шпрехер
Тринадцать дней,Кевин Костнер,Роджер Дональдсон,Дэвид Селф
Страна тигров,Колин Фаррелл,Джоэл Шумахер,Росс Клэван
Вместе,Лиза Линдгрен,Лукас Мудиссон,Лукас Мудиссон
Тайм-код,Ксандер Беркли,Майк Фиггис,Майк Фиггис
Титан: После гибели Земли,Дрю Бэрримор,Дон Блут,Ганс Бауэр
Тренировочный день,Дензел Вашингтон,Антуан Фукуа,Дэвид Эйр
Планета сокровищ,Роско Ли Браун,Рон Клементс,Роберт Льюис Стивенсон
Ю-571,Мэттью Макконахи,Джонатан Мостоу,Джонатан Мостоу
Неуязвимый,Брюс Уиллис,М. Найт Шьямалан,М. Найт Шьямалан
Под подозрением,Джин Хэкмен,Стивен Хопкинс,Джон Уэйнрайт
Тайный брат,Эдди Гриффин,Малкольм Д. Ли,Джон Ридли
Неверная,Дайан Лэйн,Эдриан Лайн,Клод Шаброль
Ванильное небо,Том Круз,Кэмерон Кроу,Алехандро Аменабар
Вдова с острова Сен-Пьер,Жюльет Бинош,Патрис Леконт,Клод Фаральдо
Видок,Жерар Депардье,Питоф,Эжен-Франсуа Видок
Пробуждение жизни,Тревор Джек Брукс,Ричард Линклейтер,Ричард Линклейтер
Пробуждая мертвецов,Билли Крудап,Кит Гордон,Скотт Спенсер
Спеши любить,Шейн Уэст,Адам Шенкман,Николас Спаркс
Путь оружия,Райан Филипп,Кристофер Маккуорри,Кристофер Маккуорри
Мы были солдатами,Мэл Гибсон,Рэндалл Уоллес,Джозеф Л. Гэлловэй
Жаркое американское лето,Джанин Гарофало,Дэвид Уэйн,Майкл Шоуолтер
Что скрывает ложь,Мишель Пфайффер,Роберт Земекис,Кларк Грегг
Чего хотят женщины,Мэл Гибсон,Нэнси Майерс,Джош Голдсмит
"Там, где сердце",Натали Портман,Мэтт Уильямс,Лауэлл Ганц
Белый Олеандр,Элисон Ломан,Питер Козмински,Джанет Фитч
Девять ярдов,Брюс Уиллис,Джонатан Линн,Митчелл Кэпнер
Говорящие с ветром,Николас Кейдж,Джон Ву,Джон Райс
Вундеркинды,Майкл Дуглас,Кёртис Хэнсон,Майкл Шейбон
Люди Икс,Хью Джекман,Брайан Сингер,Том ДеСанто
Ярды,Марк Уолберг,Джеймс Грэй,Джеймс Грэй
Один и два,У Няньчжэнь,Эдвард Ян,Эдвард Ян
Герой,Джет Ли,Чжан Имоу,Ли Фэн
Образцовый самец,Бен Стиллер,Бен Стиллер,Дрэйк Сэтер
Делишки,Гейл О’Грейди,Ирис Клейн,Ирис Клейн
Остров,Майкл Мерфи,Сайрус Наурасте,Сайрус Наурасте
Части тела,Говард Стерн,Бетти Томас,Говард Стерн
Канзас-Сити,Дженнифер Джейсон Ли,Роберт Олтмен,Роберт Олтмен
Плохая компания,Эллен Баркин,Дэмиэн Харрис,Росс Томас
Стерлось из памяти,Дэна Карви,Мик Джексон,Роберт Кинг
Бэтмен возвращается,Майкл Китон,Тим Бёртон,Боб Кейн
Предки,Том Селлек,Тед Котчефф,Роберт Клейн
Электрошок,Митч Пиледжи,Уэс Крэйвен,Уэс Крэйвен
Заколдованная,Джоди Фостер,Майкл Лофлин,Ежи Сколимовский
Сальвадор,Джеймс Вудс,Оливер Стоун,Оливер Стоун
Плащ и кинжал,Генри Томас,Ричард Франклин,Том Холланд
Горячие деньги,Майкл Мерфи,Зэл Магдер,Карл ДеСантис
"Год, опасный для жизни",Сигурни Уивер,Питер Уир,Дэвид Уильямсон
Мертвые дети,Майкл Мерфи,Майкл Лофлин,Билл Кондон
Класс мисс МакМичел,Гленда Джексон,Сильвио Нариззано,Сэнди Хатсон
Незамужняя женщина,Джилл Клейбёрг,Пол Мазурски,Пол Мазурски
Подставное лицо,Вуди Аллен,Мартин Ритт,Уолтер Бернстайн
Нэшвилл,Дэвид Аркин,Роберт Олтмен,Джоан Тьюксбери
Фаза 4,Найджел Девенпорт,Сол Бэсс,Майо Саймон
"Вор, который пришел на обед",Райан О’Нил,Бад Йоркин,Уолтер Хилл
"В чем дело, док?",Барбра Стрейзанд,Питер Богданович,Бак Генри
МакКейб и миссис Миллер,Уоррен Битти,Роберт Олтмен,Эдмунд Нотон
"Граф Йорга, вампир",Роберт Куорри,Боб Келиджан,Боб Келиджан
Брюстер МакКлауд,Бад Корт,Роберт Олтмен,Доран Уильям Кэннон
Сделка,Кирк Дуглас,Элиа Казан,Элиа Казан
Холодным днем в парке,Сэнди Деннис,Роберт Олтмен,Джиллиан Фриман
Легенда о Лайле Клэр,Ким Новак,Роберт Олдрич,Роберт Том
Обратный отсчет,Джеймс Каан,Роберт Олтмен,Лоринг Мэндел
Двойные неприятности,Элвис Пресли,Норман Торог,Джо Хеймс
Осенняя соната,Ингрид Бергман,Ингмар Бергман,Ингмар Бергман
Дело времени,Лайза Миннелли,Винсент Миннелли,Морис Дрюон
Убийство в Восточном экспрессе,Альберт Финни,Сидни Люмет,Пол Ден
Из перемешанных дел миссис Бэзил Э. Фрэнкуайлер,Ингрид Бергман,Филдер Кук,Е.Л. Конигсбург
Прогулка под весенним дождем,Энтони Куинн,Гай Грин,Рэйчел Мэддакс
Цветок кактуса,Уолтер Мэттау,Джин Сэкс,Абе Берроуз
Стимуляция,Ганс Абрамсон,Ганс Абрамсон,Ганс Абрамсон
Желтый роллс-ройс,Ингрид Бергман,Энтони Эсквит,Теренс Рэттиган
Визит,Ингрид Бергман,Бернхард Викки,Бен Барзмен
Любите ли вы Брамса?,Ингрид Бергман,Анатоль Литвак,Франсуаза Саган
Постоялый двор шестой степени счастья,Ингрид Бергман,Марк Робсон,Изобель Леннарт
Милый сэр,Кэри Грант,Стэнли Донен,Норман Красна
Анастасия,Ингрид Бергман,Анатоль Литвак,Артур Лорентс
Елена и мужчины,Ингрид Бергман,Жан Ренуар,Жан Ренуар
Жанна Д'Арк на костре,Ингрид Бергман,Роберто Росселлини,Поль Клодель
Страх,Ингрид Бергман,Роберто Росселлини,Стефан Цвейг
Путешествие в Италию,Ингрид Бергман,Роберто Росселлини,Виталиано Бранкати
Европа 51,Ингрид Бергман,Роберто Росселлини,Роберто Росселлини
"Стромболи, земля Божья",Ингрид Бергман,Роберто Росселлини,Роберто Росселлини
Под знаком Козерога,Ингрид Бергман,Альфред Хичкок,Джон Колтон
Жанна Д'Арк,Ингрид Бергман,Виктор Флеминг,Максвелл Андерсон
Триумфальная арка,Ингрид Бергман,Льюис Майлстоун,Льюис Майлстоун
Саратогская железнодорожная ветка,Гэри Купер,Сэм Вуд,Кэйси Робинсон
Колокола Святой Марии,Бинг Кросби,Лео МакКери,Дадли Николс
Завороженный,Ингрид Бергман,Альфред Хичкок,Бен Хект
Газовый свет,Ингрид Бергман,Джордж Кьюкор,Джон Вэн Друтен
По ком звонит колокол,Гэри Купер,Сэм Вуд,Дадли Николс
Доктор Джекилл и мистер Хайд,Спенсер Трэйси,Виктор Флеминг,Джон Ли Мэхин
У Адама было четыре сына,Ингрид Бергман,Григорий Ратов,Уильям Хёрлбат
Ярость в небесах,Роберт Монтгомери,В.С. Ван Дайк,Кристофер Ишервуд
Интермеццо,Лесли Говард,Григорий Ратов,Джордж О’Нил
Лицо женщины,Ингрид Бергман,Густаф Муландер,Франсис де Круассе
Четыре стипендиата,Ингрид Бергман,Карл Фрёлих,Йохен Хут
Доллар,Ингрид Бергман,Густаф Муландер,Яльмар Бергман
Интермеццо,Геста Экман,Густаф Муландер,Геста Стивенс
Сведенхельмы,Геста Экман,Густаф Муландер,Яльмар Бергман
Прибой,Ингрид Бергман,Ивар Йоханссон,Ивар Йоханссон
Лев Термен: Электронная одиссея,Леон Термен,Стивен М. Мартин,Стивен М. Мартин
Ингрид,Джон Гилгуд,Джин Фельдман,Джин Фельдман
В лабиринте секса,Орхидея Де Сантис,Альфонсо Брешия,Джорджо Карло Росси
Богини любви,Карл Кинг,Сол Дж. Тьюрелл,Грэм Фергюсон
Мы — женщины,Ингрид Бергман,Джанни Франчолини,Чезаре Дзаваттини
Вот это развлечение! Часть 2,Фред Астер,Джин Келли,Леонард Герш
"Иди, а не беги",Кэри Грант,Чарльз Уолтерс,Роберт Расселл
Папа Гусь,Кэри Грант,Ральф Нельсон,Питер Стоун
Этот мех норки,Кэри Грант,Делберт Манн,Стэнли Шапиро
Трава зеленее,Кэри Грант,Стэнли Донен,Хью Уильямс
Операция «Нижняя юбка»,Кэри Грант,Блейк Эдвардс,Стэнли Шапиро
Плавучий дом,Кэри Грант,Мелвилл Шэвелсон,Мелвилл Шэвелсон
Поцелуй их за меня,Кэри Грант,Стэнли Донен,Джулиус Дж. Эпштейн
Гордость и страсть,Кэри Грант,Стэнли Крамер,Эдна Анхальт
Незабываемый роман,Кэри Грант,Лео МакКери,Дэлмер Дэйвс
Поймать вора,Кэри Грант,Альфред Хичкок,Джон Майкл Хейс
Идеальная жена,Кэри Грант,Сидни Шелдон,Сидни Шелдон
Обезьяньи проделки,Кэри Грант,Ховард Хоукс,Бен Хект
Есть место еще для одного,Кэри Грант,Норман Торог,Джек Роуз
Люди будут судачить,Кэри Грант,Джозеф Лео Манкевич,Джозеф Лео Манкевич
Кризис,Кэри Грант,Ричард Брукс,Ричард Брукс
Солдат в юбке,Кэри Грант,Ховард Хоукс,Чарльз Ледерер
Каждая девушка должна выйти замуж,Кэри Грант,Дон Хартмен,Дон Хартмен
Мистер Блэндингз строит дом своей мечты,Кэри Грант,Г.К. Поттер,Эрик Ходжинс
Жена епископа,Кэри Грант,Генри Костер,Роберт Э. Шервуд
Холостяк и девчонка,Кэри Грант,Ирвинг Реис,Сидни Шелдон
Ночь и день,Кэри Грант,Майкл Кёртиц,Чарльз Хоффман
Безоговорочно,Клодетт Кольбер,Мервин ЛеРой,Эндрю Солт
Только одинокое сердце,Кэри Грант,Клиффорд Одетс,Клиффорд Одетс
Жили-были,Кэри Грант,Александр Холл,Льюис Мелцер
Пункт назначения – Токио,Кэри Грант,Дэлмер Дэйвс,Стив Фишер
Мистер Счастливчик,Кэри Грант,Г.К. Поттер,Милтон Холмс
Однажды в медовый месяц,Кэри Грант,Лео МакКери,Шеридан Гибни
Весь город говорит,Кэри Грант,Джордж Стивенс,Ирвин Шоу
Подозрение,Кэри Грант,Альфред Хичкок,Самсон Рэфелсон
Грошовая серенада,Айрин Данн,Джордж Стивенс,Морри Рискинд
Ховарды из Вирджинии,Кэри Грант,Фрэнк Ллойд,Сидни Бакмен
Моя любимая жена,Айрин Данн,Гарсон Канин,Белла Спивак
Лишь на словах,Кэрол Ломбард,Джон Кромуэлл,Ричард Шерман
Только у ангелов есть крылья,Кэри Грант,Ховард Хоукс,Джулс Фёртмен
Ганга Дин,Кэри Грант,Джордж Стивенс,Джоэль Сейр
Топпер,Констанс Беннетт,Норман З. МакЛеод,Эдди Моран
Праздник,Кэтрин Хепберн,Джордж Кьюкор,Доналд Огден Стюарт
Ужасная правда,Айрин Данн,Лео МакКери,Вина Делмар
Любимец Нью-Йорка,Эдвард Арнольд,Роулэнд В. Ли,Дадли Николс
Топпер,Констанс Беннетт,Норман З. МакЛеод,Джек Джевне
Когда ты влюблен,Грэйс Мур,Роберт Рискин,Этель Хилл
Удивительные приключения,Кэри Грант,Альфред Зейслер,Э. Филлипс Оппенхайм
Свадебный подарок,Джоан Беннетт,Ричард Уоллес,Джозеф Энтони
Сюзи,Джин Харлоу,Джордж Фицморис,Дороти Паркер
Большие карие глаза,Кэри Грант,Рауль Уолш,Рауль Уолш
Сильвия Скарлетт,Кэтрин Хепберн,Джордж Кьюкор,Глэдис Унгер
Последняя застава,Кэри Грант,Чарльз Бартон,Ф. Бриттен Остин
Крылья во тьме,Мирна Лой,Джеймс Флуд,Джек Керклэнд
"Войдите, мадам",Элисса Ланди,Эллиотт Наджент,Гильда Варези Арчибальд
Поцелуй и накрась губы,Кэри Грант,Хэрлан Томпсон,Иштван Бекеффи
Рожденная быть плохой,Лоретта Янг,Лоуелл Шерман,Ральф Грейвз
Принцесса на тридцать дней,Сильвия Сидни,Мэрион Геринг,Престон Стёрджес
Алиса в стране чудес,Ричард Арлен,Норман З. МакЛеод,Джозеф Лео Манкевич
Я не ангел,Мэй Уэст,Уэсли Рагглз,Мэй Уэст
Орел и сокол,Фредрик Марч,Стюарт Уолкер,Сетон И. Миллер
Обвиняемая,Нэнси Кэрролл,Пол Слоун,Гертруда Атертон
Она обошлась с ним нечестно,Мэй Уэст,Лоуелл Шерман,Мэй Уэст
Мадам Батерфляй,Сильвия Сидни,Мэрион Геринг,Дэвид Беласко
Жаркая суббота,Кэри Грант,Уильям А. Сайтер,Сетон И. Миллер
Белокурая Венера,Марлен Дитрих,Джозеф фон Штернберг,Джулс Фёртмен
Дьявол и глубина,Таллула Бэнкхед,Мэрион Геринг,Гарри Херви
Весело мы катимся в ад,Сильвия Сидни,Дороти Арзнер,Эдвин Джастас Мейер
Грешники под солнцем,Кэрол Ломбард,Александр Холл,Милдред Крэм
Эта ночь,Лили Дамита,Фрэнк Таттл,Генри Фальк
Огненный бой,Стивен Болдуин,Пол Зиллер,Элизабет Санчез
Дом мертвецов,Джонатан Черри,Уве Болл,Марк А. Олтмэн
Баллистика: Экс против Сивер,Антонио Бандерас,Вич Каосаянанда,Алан Б. МакЭлрой
Репликант,Жан-Клод Ван Дамм,Ринго Лам,Лоуренс Риггинс
Четвертая война,Рой Шайдер,Джон Франкенхаймер,Стивен Питерс
Гроза,Дэвид Палффи,Дэвид Уиннинг,Дэвид Уиннинг
Рождение,Николь Кидман,Джонатан Глейзер,Жан-Клод Каррьер
Одуванчик,Винсент Картайзер,Марк Милгард,Марк Милгард
Большая плохая любовь,Арлисс Ховард,Арлисс Ховард,Ларри Браун
Карта мира,Сигурни Уивер,Скотт Эллиотт,Джейн Хэмилтон
Меньшее зло,Колм Фиор,Дэвид Маккэй,Джереми Ливайн
Амистад,Морган Фриман,Стивен Спилберг,Дэвид Францони
Парк Юрского периода 2: Затерянный мир,Джефф Голдблюм,Стивен Спилберг,Майкл Крайтон
Джоны,Дэвид Аркетт,Скотт Сильвер,Скотт Сильвер
Эротические истории,Шэрон Анджела,Боб Рейфелсон,Хетти Бэйнес
Мокрое,Арлисс Ховард,Боб Рейфелсон,Боб Рейфелсон
"Вонг Фу, с благодарностью за всё! Джули Ньюмар",Уэсли Снайпс,Бибан Кидрон,Дуглас Картер Бини
Прирожденные убийцы,Вуди Харрельсон,Оливер Стоун,Квентин Тарантино
Почище напалма,Дебра Уингер,Гленн Гордон Карон,Винс Гиллиган
Площадка,Арт ЛаФлёр,Дэвид М. Эванс,Дэвид М. Эванс
Вкривь и вкось,Дэвид Арнотт,Крис Менгис,Скотт Соммер
Руби,Фрэнк Орсатти,Джон Маккензи,Стивен Дэвис
Для парней,Бетт Мидлер,Марк Райделл,Нил Хименес
Мужчины не уходят,Джессика Лэнг,Пол Брикман,Барбара Бенедек
Пьяный рассвет,Мэл Гибсон,Роберт Таун,Роберт Таун
Дамский клуб,Карен Остин,Джанет Грик,Кэйси Бишоп
Плавучий маяк,Михал Сколимовски,Ежи Сколимовский,Зигфрид Ленц
Сильвестр,Ричард Фарнсуорт,Тим Хантер,Кэрол Собески
Блудная дочь,Джон Хэммонд,Джеймс Ф. Колье,Джеймс Ф. Колье
Приключения няни,Элизабет Шу,Крис Коламбус,Дэвид Симкинс
Лай,Ли Тергесен,Кася Адамик,Хезер Морган
Пришелец,Гэри Синиз,Гэри Фледер,Филип К. Дик
Стены Челси,Бьянка Хантер,Итан Хоук,Николь Бёрдетт
Укради этот фильм,Винсент Д’Онофрио,Роберт Гринуолд,Анита Хоффман
Счастливые случаи,Мариса Томей,Брэд Андерсон,Брэд Андерсон
Испанские судьи,Винсент Д’Онофрио,Оз Скотт,Уильям Регор
Тринадцатый этаж,Крэйг Бирко,Йозеф Руснак,Дэниэл Ф. Галуйе
Скоростной Гари,Винсент Д’Онофрио,Дэн Айрлэнд,Джеймс Стилл
Клэр Долан,Кэтрин Картлидж,Лодж Х. Керриган,Лодж Х. Керриган
Братья Ньютон,Мэттью Макконахи,Ричард Линклейтер,Клод Стануш
Люди в чёрном,Томми Ли Джонс,Барри Зонненфельд,Лоуэлл Каннингем
Жизнь парней 2,Майкл Сауседо,Марк Кристофер,Марк Кристофер
Желаю удачи,Грегори Хайнс,Ричард Лябри,Боб Комфорт
Гай,Винсент Д’Онофрио,Майкл Линдсей-Хогг,Кирби Дик
Чувствуя Миннесоту,Киану Ривз,Стивен Бэйджелман,Стивен Бэйджелман
Победитель,Ребекка Де Морнэй,Алекс Кокс,Венди Рисс
Весь огромный мир,Винсент Д’Онофрио,Дэн Айрлэнд,Новалин Прайс Эллис
Отель «Парадиз»,Тереза Расселл,Николас Роуг,Майкл Аллин
Странные дни,Рэйф Файнс,Кэтрин Бигелоу,Джеймс Кэмерон
Стюарт спасает свою семью,Эл Фрэнкен,Харольд Рэмис,Эл Фрэнкен
Благородный аферист,Харви Кейтель,Энтони Дрэйзен,Шила Бэллентайн
Быть человеком,Робин Уильямс,Билл Форсайт,Билл Форсайт
Мистер Прекрасный,Мэтт Диллон,Энтони Мингелла,Эми Шпор Феррис
Домашние святые,Трейси Ульман,Нэнси Сэвока,Франсин Проуз
Малкольм Икс,Дензел Вашингтон,Спайк Ли,Арнольд Перл
Соль на нашей коже,Грета Скакки,Эндрю Биркин,Эндрю Биркин
Джон Ф. Кеннеди: Выстрелы в Далласе,Кевин Костнер,Оливер Стоун,Джим Гаррисон
Пламя в душе,Джимми Смитс,Джиллиан Армстронг,Синтия Сидре
Умереть молодым,Джулия Робертс,Джоэл Шумахер,Марти Леймбах
Нечестные сердца,Питер Берг,Майкл Бортман,Роберт Босвелл
Обнаженное танго,Винсент Д’Онофрио,Леонард Шредер,Леонард Шредер
Знаки жизни,Бо Бриджес,Джон Дэвид Коулз,Марк Мэлоун
Приветствие джаггера,Рутгер Хауэр,Дэвид Уэбб Пиплз,Дэвид Уэбб Пиплз
Мистическая пицца,Аннабет Гиш,Дональд Питри,Эми Холден Джонс
Первые сексуальные опыты,Джорджия Харрелл,Майкл Херц,Джорджия Харрелл
Осень Шайеннов,Ричард Уидмарк,Джон Форд,Мари Сандос
Риф Донована,Джон Уэйн,Джон Форд,Фрэнк С. Наджент
Два всадника,Джеймс Стюарт,Джон Форд,Фрэнк С. Наджент
С террасы,Пол Ньюман,Марк Робсон,Джон О’Хара
Сержант Ратлидж,Джеффри Хантер,Джон Форд,Джеймс Уорнер Белла
Крик ужаса,Джеймс Мейсон,Эндрю Л. Стоун,Эндрю Л. Стоун
Крылья орлов,Джон Уэйн,Джон Форд,Фрэнк Фентон
Девочки в тюрьме,Ричард Деннинг,Эдвард Л. Кан,Лу Русофф
Джулия,Дорис Дэй,Эндрю Л. Стоун,Эндрю Л. Стоун
Пока город спит,Дэна Эндрюс,Фриц Ланг,Кэйси Робинсон
Ад в заливе Фриско,Алан Лэдд,Фрэнк Таттл,Сидни Боэм
"С добрым утром, мисс Дав",Дженнифер Джонс,Генри Костер,Элеанор Гриффин
Высокие мужчины,Кларк Гейбл,Рауль Уолш,Сидни Боэм
Принц игроков,Ричард Бёртон,Филип Данн,Сэмюэл Фуллер
Звезда родилась,Джуди Гарлэнд,Джордж Кьюкор,Мосс Харт
Проект убийства,Джозеф Коттен,Эндрю Л. Стоун,Эндрю Л. Стоун
Плащаница,Ричард Бёртон,Генри Костер,Филип Данн
Яркий свет солнца,Чарльз Виннингер,Джон Форд,Лоуренс Сталлингс
Титаник,Клифтон Уэбб,Жан Негулеско,Чарльз Брэкетт
Ночь без сна,Линда Дарнелл,Рой Уорд Бейкер,Элик Молл
Модель и сваха,Джинн Крейн,Джордж Кьюкор,Чарльз Брэкетт
Мой голубой рай,Бетти Грэйбл,Генри Костер,Клод Биньон
Стрелок,Грегори Пек,Генри Кинг,Уильям Бауэрс
Когда Вилли возвращался домой,Дэн Дейли,Джон Форд,Сай Гомберг
Это случается каждой весною,Рэй Милланд,Ллойд Бэйкон,Валентайн Дейвис
Боец из Кентукки,Джон Уэйн,Джордж Ваггнер,Джордж Ваггнер
Удар,Брайан Донлеви,Артур Любин,Дороти Девенпорт
Письмо трем женам,Джинн Крейн,Джозеф Лео Манкевич,Вера Каспари
Глубокие воды,Дэна Эндрюс,Генри Кинг,Рут Мур
3 крестных отца,Джон Уэйн,Джон Форд,Лоуренс Сталлингс
Змеиная яма,Оливия Де Хэвилленд,Анатоль Литвак,Фрэнк Партос
Форт Апачи,Джон Уэйн,Джон Форд,Фрэнк С. Наджент
Покойный Джордж Эпли,Рональд Колман,Джозеф Лео Манкевич,Филип Данн
Моя дорогая Клементина,Генри Фонда,Джон Форд,Сэмюэл Дж. Энджел
Бог ей судья,Джин Тирни,Джон М. Стал,Джо Сверлинг
Сестрички Долли,Бетти Грэйбл,Ирвинг Каммингс,Джон Ларкин
Дерево растет в Бруклине,Дороти МакГуайр,Элиа Казан,Тесс Слезингер
"Тем временем, дорогая",Джинн Крейн,Отто Преминджер,Артур Кобер
Джейн Эйр,Орсон Уэллс,Роберт Стивенсон,Шарлотта Бронте
Салливаны,Энн Бакстер,Ллойд Бэйкон,Мэри С. МакКолл мл.
Песня Бернадетт,Дженнифер Джонс,Генри Кинг,Джордж Ситон
Луна зашла,Седрик Хардвик,Ирвинг Пичел,Наннэлли Джонсон
"Тихо, пожалуйста: убийство",Джордж Сандерс,Джон Ларкин,Джон Ларкин
Сказки Манхэттена,Шарль Буайе,Жюльен Дювивье,Бен Хект
История Бенджамина Блэйка,Тайрон Пауэр,Джон Кромуэлл,Филип Данн
Болотная вода,Уолтер Бреннан,Жан Ренуар,Верин Белл
Памятный день,Клодетт Кольбер,Генри Кинг,Филлип Даннинг
Как зелена была моя долина,Уолтер Пиджон,Джон Форд,Филип Данн
Великие пушки,Стэн Лорел,Монти Бэнкс,Лу Бреслоу
Белль Старр,Рэндольф Скотт,Ирвинг Каммингс,Ламар Тротти
Табачная дорога,Чарли Грейпвин,Джон Форд,Эрскин Колдуэлл
Молодые люди,Ширли Темпл,Аллан Дуон,Эдвин Блум
"Человек, который не хотел говорить",Ллойд Нолан,Дэвид Бертон,Кларк Эндрюс
Барабаны долины Мохок,Клодетт Кольбер,Джон Форд,Ламар Тротти
Голливудский бульвар,Джон Холлидэй,Роберт Флори,Фэйт Томас
Черная ярость,Пол Муни,Майкл Кёртиц,Эбем Финкел
Маленький человек — что же дальше?,Маргарет Саллаван,Фрэнк Борзеги,Уильям Энтони МакГуайр
Ребекка с фермы Саннибрук,Мэриэн Никсон,Альфред Сентелл,С.Н. Берман
Крыса,Айвор Новелло,Грэм Каттс,Констанс Колльер
Арабелла,Мэй Марш,Карл Груне,Ханс Кизер
Белая роза,Мэй Марш,Дэвид Уорк Гриффит,Дэвид Уорк Гриффит
Мать и закон,Мэй Марш,Дэвид Уорк Гриффит,Дэвид Уорк Гриффит
